datetimeCST,AphA,Hz,PF,PhVphA,VA,Var,W,DCV,DCA,DCW,Hz_mod,mod_BIN
2024-02-23 00:00:00-06:00,0.0,59.989732793522265,1.0,0.0,0.0,0.0,0.0,89.67611336032388,175.11376518218623,57380.40293927125,59.989732793522265,0.0
2024-02-23 00:05:00-06:00,0.0,59.99407723577236,1.0,0.0,0.0,0.0,0.0,84.75386178861788,165.16951219512197,54121.91984552846,59.99407723577236,0.0
2024-02-23 00:10:00-06:00,0.0,59.99095141700405,1.0,0.0,0.0,0.0,0.0,94.93562753036439,185.72672064777328,60858.0031174089,59.99095141700405,0.0
2024-02-23 00:15:00-06:00,0.0,59.99722357723577,1.0,0.0,0.0,0.0,0.0,82.11341463414635,159.84146341463415,52376.05146341463,59.99722357723577,0.0
2024-02-23 00:20:00-06:00,0.0,59.99080081300813,1.0,0.0,0.0,0.0,0.0,86.06229674796748,167.83353658536586,54994.85403658536,59.99080081300813,0.0
2024-02-23 00:25:00-06:00,0.0,59.98913821138211,1.0,0.0,0.0,0.0,0.0,86.07408536585366,167.83353658536586,54994.85403658536,59.98913821138211,0.0
2024-02-23 00:30:00-06:00,0.0,59.981483739837394,1.0,0.0,0.0,0.0,0.0,84.7479674796748,165.16951219512197,54121.91984552846,59.981483739837394,0.0
2024-02-23 00:35:00-06:00,0.0,59.98950406504065,1.0,0.0,0.0,0.0,0.0,91.35497967479675,178.48963414634147,58486.590800813006,59.98950406504065,0.0
2024-02-23 00:40:00-06:00,0.0,59.98265991902834,1.0,0.0,0.0,0.0,0.0,79.16295546558705,153.88785425101216,50425.202582995946,59.98265991902834,0.0
2024-02-23 00:45:00-06:00,0.0,60.00109756097561,1.0,0.0,0.0,0.0,0.0,91.35497967479675,178.48963414634147,58486.590800813006,60.00109756097561,0.0
2024-02-23 00:50:00-06:00,0.0,60.02016260162602,1.0,0.0,0.0,0.0,0.0,86.07408536585366,167.83353658536586,54994.85403658536,60.02016260162602,0.0
2024-02-23 00:55:00-06:00,0.0,60.00919512195122,1.0,0.0,0.0,0.0,0.0,83.4454268292683,157.17743902439025,51503.11727235772,60.00919512195122,0.0
2024-02-23 01:00:00-06:00,0.0,60.00510569105691,1.0,0.0,0.0,0.0,0.0,93.9954268292683,183.81768292682926,60232.459182926825,60.00510569105691,0.0
2024-02-23 01:05:00-06:00,0.0,59.99738056680162,1.0,0.0,0.0,0.0,0.0,81.78097165991903,159.19433198380565,52164.00267206478,59.99738056680162,0.0
2024-02-23 01:10:00-06:00,0.0,60.002252032520325,1.0,0.0,0.0,0.0,0.0,94.00721544715448,178.48963414634147,58486.590800813006,60.002252032520325,0.0
2024-02-23 01:15:00-06:00,0.0,59.99504048582996,1.0,0.0,0.0,0.0,0.0,87.0757085020243,156.5410931174089,51294.60262753036,59.99504048582996,0.0
2024-02-23 01:20:00-06:00,0.0,59.991947154471546,1.0,0.0,0.0,0.0,0.0,84.7420731707317,165.16951219512197,54121.91984552846,59.991947154471546,0.0
2024-02-23 01:25:00-06:00,0.0,59.977101214574894,1.0,0.0,0.0,0.0,0.0,89.67024291497975,169.80728744939273,55641.60285020243,59.977101214574894,0.0
2024-02-23 01:30:00-06:00,0.0,59.98908130081301,1.0,0.0,0.0,0.0,0.0,87.40020325203253,162.50548780487804,53248.985654471544,59.98908130081301,0.0
2024-02-23 01:35:00-06:00,0.0,60.007052845528456,1.0,0.0,0.0,0.0,0.0,94.00132113821138,181.15365853658537,59359.52499186991,60.007052845528456,0.0
2024-02-23 01:40:00-06:00,0.0,59.99678048780488,1.0,0.0,0.0,0.0,0.0,78.12916666666668,151.84939024390246,49757.2488902439,59.99678048780488,0.0
2024-02-23 01:45:00-06:00,0.0,60.00338617886179,1.0,0.0,0.0,0.0,0.0,91.36676829268293,173.16158536585365,56740.72241869919,60.00338617886179,0.0
2024-02-23 01:50:00-06:00,0.0,59.998813008130085,1.0,0.0,0.0,0.0,0.0,92.6869918699187,170.49756097560976,55867.788227642275,59.998813008130085,0.0
2024-02-23 01:55:00-06:00,0.0,59.98563414634147,1.0,0.0,0.0,0.0,0.0,79.46117886178862,151.84939024390246,49757.2488902439,59.89782926829268,0.8780487804878049
2024-02-23 02:00:00-06:00,0.0,60.00556504065041,1.0,0.0,0.0,0.0,0.0,91.33729674796749,175.82560975609755,57613.65660975609,59.90556504065041,1.0
2024-02-23 02:05:00-06:00,0.0,59.97483739837398,1.0,0.0,0.0,0.0,0.0,80.79319105691057,151.84939024390246,49757.2488902439,59.95939024390244,0.15447154471544716
2024-02-23 02:10:00-06:00,0.0,59.983792682926826,1.0,0.0,0.0,0.0,0.0,87.40609756097561,165.16951219512197,54121.91984552846,59.983792682926826,0.0
2024-02-23 02:15:00-06:00,0.0,59.99798755186722,1.0,0.0,0.0,0.0,0.0,85.10446058091286,157.71908713692946,51680.60181742738,59.99798755186722,0.0
2024-02-23 02:20:00-06:00,0.0,59.981857723577235,1.0,0.0,0.0,0.0,0.0,83.4454268292683,157.17743902439025,51503.11727235772,59.981857723577235,0.0
2024-02-23 02:25:00-06:00,0.0,59.973032520325205,1.0,0.0,0.0,0.0,0.0,94.00132113821138,181.15365853658537,59359.52499186991,59.973032520325205,0.0
2024-02-23 02:30:00-06:00,0.0,59.97585020242915,1.0,0.0,0.0,0.0,0.0,79.15708502024292,153.88785425101216,50425.202582995946,59.97585020242915,0.0
2024-02-23 02:35:00-06:00,0.0,59.98027642276423,1.0,0.0,0.0,0.0,0.0,87.39430894308943,170.49756097560976,55867.788227642275,60.01564227642277,0.35365853658536583
2024-02-23 02:40:00-06:00,0.0,59.9969268292683,1.0,0.0,0.0,0.0,0.0,87.40020325203253,165.16951219512197,54121.91984552846,60.0969268292683,1.0
2024-02-23 02:45:00-06:00,0.0,59.99396356275304,1.0,0.0,0.0,0.0,0.0,81.80445344129555,153.88785425101216,50425.202582995946,60.06157489878543,0.6761133603238867
2024-02-23 02:50:00-06:00,0.0,60.010721991701246,1.0,0.0,0.0,0.0,0.0,90.49491701244814,176.75414937759336,57917.91582987552,60.010721991701246,0.0
2024-02-23 02:55:00-06:00,0.0,60.004012195121945,1.0,0.0,0.0,0.0,0.0,84.75386178861788,165.16951219512197,54121.91984552846,60.004012195121945,0.0
2024-02-23 03:00:00-06:00,0.0,59.996939271255066,1.0,0.0,0.0,0.0,0.0,90.99686234817814,177.767004048583,58249.80298380567,59.996939271255066,0.0
2024-02-23 03:05:00-06:00,0.0,59.99394715447155,1.0,0.0,0.0,0.0,0.0,82.11341463414635,159.84146341463415,52376.05146341463,59.99394715447155,0.0
2024-02-23 03:10:00-06:00,0.0,59.98010975609756,1.0,0.0,0.0,0.0,0.0,82.11930894308944,157.17743902439025,51503.11727235772,59.98010975609756,0.0
2024-02-23 03:15:00-06:00,0.0,59.9848987854251,1.0,0.0,0.0,0.0,0.0,92.31761133603239,177.767004048583,58249.80298380567,59.9848987854251,0.0
2024-02-23 03:20:00-06:00,0.0,59.987402439024386,1.0,0.0,0.0,0.0,0.0,83.4454268292683,157.17743902439025,51503.11727235772,59.987402439024386,0.0
2024-02-23 03:25:00-06:00,0.0,59.99534146341463,1.0,0.0,0.0,0.0,0.0,90.04065040650407,173.16158536585365,56740.72241869919,59.99534146341463,0.0
2024-02-23 03:30:00-06:00,0.0,60.004813765182185,1.0,0.0,0.0,0.0,0.0,81.79858299595142,156.5410931174089,51294.60262753036,60.004813765182185,0.0
2024-02-23 03:35:00-06:00,0.0,59.990908713692946,1.0,0.0,0.0,0.0,0.0,81.06161825726142,157.71908713692946,51680.60181742738,59.990908713692946,0.0
2024-02-23 03:40:00-06:00,0.0,60.000530364372466,1.0,0.0,0.0,0.0,0.0,92.31761133603239,177.767004048583,58249.80298380567,60.000530364372466,0.0
2024-02-23 03:45:00-06:00,0.0,60.006886178861784,1.0,0.0,0.0,0.0,0.0,80.79908536585366,154.51341463414636,50630.183081300805,60.006886178861784,0.0
2024-02-23 03:50:00-06:00,0.0,59.98077327935223,1.0,0.0,0.0,0.0,0.0,92.31174089068826,180.42024291497978,59119.203028340075,59.98077327935223,0.0
2024-02-23 03:55:00-06:00,0.0,59.992487804878046,1.0,0.0,0.0,0.0,0.0,82.09573170731707,159.84146341463415,52376.05146341463,59.992487804878046,0.0
2024-02-23 04:00:00-06:00,0.0,59.993364372469635,1.0,0.0,0.0,0.0,0.0,85.7256072874494,167.15404858299596,54772.20280566801,59.993364372469635,0.0
2024-02-23 04:05:00-06:00,0.0,59.99176016260163,1.0,0.0,0.0,0.0,0.0,92.67520325203253,181.15365853658537,59359.52499186991,59.99176016260163,0.0
2024-02-23 04:10:00-06:00,0.0,59.9914349593496,1.0,0.0,0.0,0.0,0.0,80.80497967479675,151.84939024390246,49757.2488902439,59.9914349593496,0.0
2024-02-23 04:15:00-06:00,0.0,59.99538866396762,1.0,0.0,0.0,0.0,0.0,89.67024291497975,175.11376518218623,57380.40293927125,59.99538866396762,0.0
2024-02-23 04:20:00-06:00,0.0,60.0044081632653,1.0,0.0,0.0,0.0,0.0,81.09928571428571,157.81897959183675,51713.334077551015,60.0044081632653,0.0
2024-02-23 04:25:00-06:00,0.0,60.01311382113821,1.0,0.0,0.0,0.0,0.0,88.70863821138212,173.16158536585365,56740.72241869919,60.01311382113821,0.0
2024-02-23 04:30:00-06:00,0.0,60.00629268292683,1.0,0.0,0.0,0.0,0.0,92.6869918699187,175.82560975609755,57613.65660975609,60.00629268292683,0.0
2024-02-23 04:35:00-06:00,0.0,59.98943724696356,1.0,0.0,0.0,0.0,0.0,80.47783400809718,156.5410931174089,51294.60262753036,59.98943724696356,0.0
2024-02-23 04:40:00-06:00,0.0,59.96880487804878,1.0,0.0,0.0,0.0,0.0,88.70274390243902,173.16158536585365,56740.72241869919,59.96880487804878,0.0
2024-02-23 04:45:00-06:00,0.0,59.99797967479675,1.0,0.0,0.0,0.0,0.0,80.79908536585366,154.51341463414636,50630.183081300805,59.99797967479675,0.0
2024-02-23 04:50:00-06:00,0.0,60.00075609756097,1.0,0.0,0.0,0.0,0.0,87.40609756097561,159.84146341463415,52376.05146341463,60.00075609756097,0.0
2024-02-23 04:55:00-06:00,0.0,59.99963070539419,1.0,0.0,0.0,0.0,0.0,90.48890041493776,176.75414937759336,57917.91582987552,59.99963070539419,0.0
2024-02-23 05:00:00-06:00,0.0,59.99701214574899,1.0,0.0,0.0,0.0,0.0,84.4342105263158,159.19433198380565,52164.00267206478,59.99701214574899,0.0
2024-02-23 05:05:00-06:00,0.0,59.98913414634146,1.0,0.0,0.0,0.0,0.0,95.30386178861788,181.15365853658537,59359.52499186991,59.98913414634146,0.0
2024-02-23 05:10:00-06:00,0.0,59.99882186234818,1.0,0.0,0.0,0.0,0.0,80.47196356275303,156.5410931174089,51294.60262753036,59.99882186234818,0.0
2024-02-23 05:15:00-06:00,0.0,59.99491056910569,1.0,0.0,0.0,0.0,0.0,86.07408536585366,167.83353658536586,54994.85403658536,59.99491056910569,0.0
2024-02-23 05:20:00-06:00,0.0,59.98399593495935,1.0,0.0,0.0,0.0,0.0,87.39857723577235,167.83353658536586,54994.85403658536,59.98399593495935,0.0
2024-02-23 05:25:00-06:00,0.0,60.009352226720644,1.0,0.0,0.0,0.0,0.0,85.7592105263158,156.5410931174089,51294.60262753036,60.009352226720644,0.0
2024-02-23 05:30:00-06:00,0.0,60.001459349593496,1.0,0.0,0.0,0.0,0.0,96.61534552845528,189.14573170731705,61978.32756504064,60.001459349593496,0.0
2024-02-23 05:35:00-06:00,0.0,59.99552845528455,1.0,0.0,0.0,0.0,0.0,84.76219512195122,154.51341463414636,50630.183081300805,59.99552845528455,0.0
2024-02-23 05:40:00-06:00,0.0,60.00873983739837,1.0,0.0,0.0,0.0,0.0,90.02073170731708,170.49756097560976,55867.788227642275,60.00873983739837,0.0
2024-02-23 05:45:00-06:00,0.0,60.00125203252032,1.0,0.0,0.0,0.0,0.0,90.03902439024391,170.49756097560976,55867.788227642275,59.92157723577236,0.3983739837398374
2024-02-23 05:50:00-06:00,0.0,59.99937398373984,1.0,0.0,0.0,0.0,0.0,80.81087398373985,149.18536585365854,48884.31469918699,59.79937398373984,1.0
2024-02-23 05:55:00-06:00,0.0,59.985902439024386,1.0,0.0,0.0,0.0,0.0,92.93739837398375,173.16158536585365,56740.72241869919,59.85907317073171,0.6341463414634146
2024-02-23 06:00:00-06:00,0.0,59.99268016194332,1.0,0.0,0.0,0.0,0.0,81.50546558704454,148.5813765182186,48686.402493927126,59.99268016194332,0.0
2024-02-23 06:05:00-06:00,0.0,59.99715040650406,1.0,0.0,0.0,0.0,0.0,95.09156504065041,165.16951219512197,54121.91984552846,59.99715040650406,0.0
2024-02-23 06:10:00-06:00,0.0,59.98728455284552,1.0,0.0,0.0,0.0,0.0,116.62642276422766,170.49756097560976,55867.788227642275,59.98728455284552,0.0
2024-02-23 06:15:00-06:00,0.0,59.9936,1.0,0.0,0.0,0.0,0.0,188.75683673469388,173.86836734693878,56972.317204081635,59.9936,0.0
2024-02-23 06:20:00-06:00,0.0,59.986347107438014,1.0,0.0,0.0,0.0,0.0,285.43801652892563,176.0237603305785,57678.58559917355,59.986347107438014,0.0
2024-02-23 06:25:00-06:00,0.0,59.99503658536585,1.0,0.0,0.0,0.0,0.0,329.1407520325203,199.8018292682927,65470.06432926829,59.99503658536585,0.0
2024-02-23 06:30:00-06:00,0.1211991869918699,59.99198780487805,1.0,80.29397154471545,2.74389837398374,0.0,2.74389837398374,309.0090447154472,50.6539837398374,16596.168020325204,59.99198780487805,0.0
2024-02-23 06:35:00-06:00,0.37798380566801615,59.98840890688259,1.0,238.14338056680162,22.348862348178137,0.0,22.348862348178137,308.5228744939271,0.15097165991902833,46.75072064777328,59.98840890688259,0.0
2024-02-23 06:40:00-06:00,0.40762753036437244,59.99542510121458,1.0,238.26993522267207,50.71996761133603,0.0,50.73616194331984,321.6781376518219,0.25008097165991905,80.4945101214575,59.99542510121458,0.0
2024-02-23 06:45:00-06:00,0.4876219512195122,59.9970243902439,1.0,238.2365731707317,86.46680487804878,0.0,86.43631707317073,332.949593495935,0.367520325203252,122.50872357723577,59.9970243902439,0.0
2024-02-23 06:50:00-06:00,0.6040323886639676,59.993012145748985,1.0,238.35634817813767,127.6281943319838,0.0,127.6281943319838,341.3591093117409,0.4854655870445344,165.76074493927126,59.993012145748985,0.0
2024-02-23 06:55:00-06:00,0.7891585365853659,59.99428455284553,1.0,238.4770975609756,179.92479268292684,0.0,179.9573130081301,346.7725609756098,0.618739837398374,214.65978455284554,59.99428455284553,0.0
2024-02-23 07:00:00-06:00,1.3739554655870445,59.97691093117409,1.0,238.39736842105265,323.7294251012146,0.0,323.7294251012146,360.6702429149798,0.9929554655870445,358.7297004048583,59.97691093117409,0.0
2024-02-23 07:05:00-06:00,2.2155243902439024,59.986593495934954,1.0,238.45895121951222,525.4288658536585,0.0,525.4939065040651,370.5630081300813,1.536219512195122,569.3188739837399,59.986593495934954,0.0
2024-02-23 07:10:00-06:00,2.898352226720648,59.98542914979757,1.0,238.5072145748988,688.8785465587044,0.0,688.8326639676113,370.4570850202429,1.9544129554655871,723.9993441295546,59.98542914979757,0.0
2024-02-23 07:15:00-06:00,3.408560975609756,59.99321138211382,1.0,238.49132926829267,810.6483739837398,0.0,810.6483739837398,370.6674796747967,2.2920731707317072,849.6199430894309,59.99321138211382,0.0
2024-02-23 07:20:00-06:00,4.159597510373444,60.0068755186722,1.0,238.51880912863072,989.8540705394191,0.0,989.8540705394191,375.3753112033195,2.7661410788381744,1038.4305975103734,60.0068755186722,0.0
2024-02-23 07:25:00-06:00,4.93044939271255,60.01887044534413,0.8569500809716599,238.46019433198379,1173.9770607287448,0.07152631578947369,1173.9770607287448,377.37408906882587,3.248825910931174,1226.1373076923076,60.03911336032389,0.20242914979757085
2024-02-23 07:30:00-06:00,5.723024291497976,59.999574898785426,-0.06072874493927125,238.59284615384615,1363.6438582995952,0.6430485829959514,1363.6437206477733,379.7261133603239,3.7542914979757085,1425.692165991903,60.09957489878542,1.0
2024-02-23 07:35:00-06:00,6.612208510638298,60.011825531914894,-0.9886524680851063,239.0232978723404,1578.8070723404255,1.6205574468085107,1578.8063872340424,381.1448936170213,4.298212765957447,1638.2888468085107,60.098208510638294,0.8638297872340426
2024-02-23 07:40:00-06:00,7.469975708502025,59.99887854251012,-1.0,239.0433846153846,1784.3652712550609,1.8859757085020243,1784.3832672064777,381.7477732793522,4.842105263157895,1848.5234615384616,59.99887854251012,0.0
2024-02-23 07:45:00-06:00,8.27540650406504,59.99702032520325,-1.0,239.171,1977.4806707317073,2.010841463414634,1977.544699186992,382.4073170731707,5.365325203252032,2051.7650650406504,59.99702032520325,0.0
2024-02-23 07:50:00-06:00,9.15280971659919,59.9972955465587,-1.0,239.25242914979756,2188.79808097166,2.1781336032388663,2188.796882591093,383.19291497975706,5.908178137651822,2263.9881295546556,59.9972955465587,0.0
2024-02-23 07:55:00-06:00,10.021157894736843,59.989874493927125,-1.0,239.3884615384615,2397.707125506073,3.3596396761133605,2397.7044534412958,383.6805668016195,6.458056680161944,2477.853182186235,59.989874493927125,0.0
2024-02-23 08:00:00-06:00,10.843421052631578,59.9725020242915,-1.0,239.41445344129556,2595.0906639676114,4.928477732793523,2595.0856882591092,384.0653846153846,6.970040485829959,2676.94824291498,59.9725020242915,0.0
2024-02-23 08:05:00-06:00,11.543069105691057,59.99520325203252,-1.0,239.4560243902439,2763.2357723577234,5.33469918699187,2763.230353658537,384.2886178861789,7.402560975609756,2844.708207317073,59.99520325203252,0.0
2024-02-23 08:10:00-06:00,12.447495934959349,60.00920731707317,-1.0,239.91429674796748,2985.2749837398374,6.0,2985.3177520325203,384.4886178861789,7.993861788617886,3073.5668495934956,60.00920731707317,0.0
2024-02-23 08:15:00-06:00,13.386631578947368,59.99604858299595,-1.0,240.08575303643724,3212.8524089068824,6.064101214574899,3212.8464939271257,384.45647773279353,8.607165991902834,3309.0285708502024,59.99604858299595,0.0
2024-02-23 08:20:00-06:00,14.26579674796748,60.00332926829268,-1.0,240.16382520325203,3425.6475365853657,6.761524390243903,3425.6206138211382,384.0146341463415,9.192723577235771,3530.062012195122,60.00332926829268,0.0
2024-02-23 08:25:00-06:00,15.178272357723577,59.99913008130081,-1.0,240.40413414634148,3648.5108333333333,8.81300406504065,3648.4999959349593,383.5815040650407,9.79069105691057,3755.5174268292685,59.99913008130081,0.0
2024-02-23 08:30:00-06:00,16.2790243902439,59.985878048780485,-1.0,240.57160975609756,3916.260369918699,9.87398780487805,3916.2398536585365,383.23414634146343,10.499634146341462,4023.8741097560974,59.985878048780485,0.0
2024-02-23 08:35:00-06:00,17.103388663967614,59.99889068825911,-1.0,240.70414979757086,4116.993044534413,9.951421052631579,4116.916336032388,382.39696356275306,11.070364372469635,4233.249744939271,59.99889068825911,0.0
2024-02-23 08:40:00-06:00,17.978894736842108,59.97300809716599,-1.0,239.897975708502,4313.163016194331,10.077595141700405,4313.151145748989,381.83846153846156,11.628947368421052,4440.318680161943,59.97300809716599,0.0
2024-02-23 08:45:00-06:00,19.030036585365853,59.987280487804874,-1.0,239.09051219512196,4549.789548780488,11.424126016260162,4549.775077235772,381.1650406504065,12.291016260162602,4684.8617073170735,59.987280487804874,0.0
2024-02-23 08:50:00-06:00,19.850727642276425,59.9920162601626,-1.0,238.7740487804878,4740.108695121951,12.646337398373984,4740.091467479674,380.88841463414633,12.814430894308943,4880.788024390244,59.9920162601626,0.0
2024-02-23 08:55:00-06:00,20.82821052631579,59.98933198380567,-1.0,237.89982995951416,4955.480923076922,13.543182186234818,4955.462226720648,379.0587044534413,13.449028340080972,5097.840089068826,59.98933198380567,0.0
2024-02-23 09:00:00-06:00,21.60807723577236,59.967739837398376,-1.0,237.8862804878049,5141.106101626016,13.855012195121951,5141.087398373984,377.9853658536585,13.986747967479674,5286.809642276423,59.967739837398376,0.0
2024-02-23 09:05:00-06:00,22.381008097165992,59.978611336032394,-1.0,238.048987854251,5328.288554655871,14.036437246963562,5328.371113360324,377.681983805668,14.497813765182187,5475.509631578947,59.978611336032394,0.0
2024-02-23 09:10:00-06:00,23.30561788617886,59.983788617886184,-1.0,238.06198780487804,5549.1094349593495,14.285223577235772,5549.131430894308,377.3048780487805,15.111869918699186,5701.7855,59.983788617886184,0.0
2024-02-23 09:15:00-06:00,24.079534412955468,59.999080971659914,-1.0,238.13094331983805,5735.014412955466,15.630222672064777,5734.9928987854255,376.7157894736842,15.635991902834009,5890.233591093117,59.999080971659914,0.0
2024-02-23 09:20:00-06:00,24.66821008403361,59.9958487394958,-1.0,238.1226176470588,5874.952764705882,16.374642857142856,5874.929983193277,376.1359243697479,16.036302521008402,6031.807701680672,59.9958487394958,0.0
2024-02-23 09:25:00-06:00,25.19220325203252,60.01131707317073,-1.0,238.32323983739838,6004.92012195122,17.823845528455283,6004.934272357724,374.4591463414634,16.480121951219513,6171.076878048781,60.01131707317073,0.0
2024-02-23 09:30:00-06:00,25.85414170040486,60.00189473684211,-1.0,238.37874493927126,6164.440429149798,17.903842105263156,6164.414623481782,373.8327935222672,16.94587044534413,6334.876627530364,60.00189473684211,0.0
2024-02-23 09:35:00-06:00,26.583464730290455,59.989190871369296,-1.0,238.54519917012448,6342.375979253112,18.040112033195022,6342.328489626556,371.65539419087133,17.548340248962653,6521.843784232365,59.989190871369296,0.0
2024-02-23 09:40:00-06:00,27.122796747967477,59.994443089430895,-1.0,238.55474390243901,6472.099898373984,18.172760162601627,6472.074528455285,369.7979674796748,17.995650406504065,6654.708028455285,60.03509349593496,0.2032520325203252
2024-02-23 09:45:00-06:00,27.838161943319836,59.978251012145755,-1.0,238.70506072874494,6646.417279352227,18.178141700404858,6646.392712550607,369.6751012145749,18.491417004048582,6835.8107165991905,60.17825101214575,1.0
2024-02-23 09:50:00-06:00,28.457639676113363,59.98801214574899,-0.9999996356275304,238.78363562753034,6796.701578947369,18.84885020242915,6796.675437246964,368.27975708502026,18.980323886639678,6989.995914979757,60.15238461538461,0.8218623481781376
2024-02-23 09:55:00-06:00,29.088520833333334,59.987516666666664,-1.0,239.012225,6954.052795833334,19.15972916666667,6954.026391666667,367.0227083333333,19.471541666666667,7146.483245833334,59.987516666666664,0.0
2024-02-23 10:00:00-06:00,29.087510121457488,59.997461538461536,-0.9999997570850203,239.10519838056678,6956.544145748988,18.75371255060729,6956.456809716599,366.76072874493923,19.48672064777328,7146.945255060729,59.997461538461536,0.0
2024-02-23 10:05:00-06:00,29.827325203252034,60.0040243902439,-1.0,239.33475203252033,7140.122930894308,20.22629268292683,7140.0941829268295,366.2583333333333,20.016585365853658,7331.21262601626,60.0040243902439,0.0
2024-02-23 10:10:00-06:00,30.255315789473684,59.99621862348179,-1.0,238.5449109311741,7218.973663967611,18.474696356275302,7218.950072874494,366.22753036437246,20.23566801619433,7410.798995951417,59.99621862348179,0.0
2024-02-23 10:15:00-06:00,30.647874493927123,60.000368421052634,-1.0,238.5240971659919,7312.372429149797,18.082327935222672,7312.3501902834005,364.58380566801617,20.612793522267204,7514.981813765182,60.000368421052634,0.0
2024-02-23 10:20:00-06:00,30.687308943089434,60.0025243902439,-1.0,238.5686382113821,7323.301154471545,18.28319512195122,7323.278463414635,361.9934959349593,20.801219512195125,7529.749776422765,60.0025243902439,0.0
2024-02-23 10:25:00-06:00,31.46970124481328,59.97965560165975,-1.0,238.68537759336098,7513.362576763486,18.92669294605809,7513.338867219916,362.0060165975104,21.33390041493776,7722.993331950207,59.97965560165975,0.0
2024-02-23 10:30:00-06:00,31.87060569105691,59.98980487804878,-1.0,238.97757317073172,7618.386776422763,19.025073170731705,7618.3631544715445,359.87967479674796,21.78280487804878,7838.931536585366,59.98980487804878,0.0
2024-02-23 10:35:00-06:00,32.004260162601625,59.996601626016265,-1.0,239.09850406504063,7654.280325203252,18.75812601626016,7654.257443089431,358.9479674796748,21.91109756097561,7864.947963414635,59.996601626016265,0.0
2024-02-23 10:40:00-06:00,32.221384615384615,59.99602024291498,-1.0,239.1007004048583,7706.234020242915,19.719635627530366,7706.208842105263,358.33016194331987,22.10514170040486,7920.865238866397,59.99602024291498,0.0
2024-02-23 10:45:00-06:00,32.94750622406639,59.98992531120332,-1.0,239.13664730290458,7881.145,20.994464730290456,7881.075373443983,359.8576763485477,22.494149377593363,8094.599149377594,59.98992531120332,0.0
2024-02-23 10:50:00-06:00,33.01467479674797,59.99447967479675,-1.0,239.3468780487805,7904.035215447154,21.484756097560975,7903.969512195122,361.0010162601626,22.492073170731707,8119.709089430894,59.99447967479675,0.0
2024-02-23 10:55:00-06:00,33.278995951417,60.00905263157895,-1.0,239.468012145749,7971.737979757085,21.708502024291498,7971.773275303644,361.9951417004049,22.624291497975708,8189.794599190283,60.00905263157895,0.0
2024-02-23 11:00:00-06:00,33.63051867219917,60.01263070539419,-1.0,239.42690871369297,8054.501995850622,21.86169294605809,8054.472340248963,361.2358921161826,22.916514522821576,8278.351398340248,60.01263070539419,0.0
2024-02-23 11:05:00-06:00,34.23967479674796,59.99814634146341,-1.0,239.4190325203252,8199.655756097562,21.904475609756098,8199.62669105691,362.2343495934959,23.27341463414634,8430.437333333333,59.99814634146341,0.0
2024-02-23 11:10:00-06:00,34.568813765182185,59.98734412955466,-1.0,239.41903643724697,8278.772906882592,21.994599190283402,8278.743931174089,362.6674089068826,23.472874493927126,8512.838910931174,59.98734412955466,0.0
2024-02-23 11:15:00-06:00,34.61860330578512,59.973648760330576,-1.0,239.51240495867768,8294.335657024794,22.070590909090907,8294.30646694215,362.8789256198347,23.483305785123967,8521.588888429751,59.973648760330576,0.0
2024-02-23 11:20:00-06:00,34.68015447154471,60.00343902439024,-1.0,239.47676422764226,8307.565772357724,22.107048780487805,8307.720865853658,361.8439024390244,23.603943089430892,8541.068158536586,60.00343902439024,0.0
2024-02-23 11:25:00-06:00,35.49438461538461,60.0,-1.0,239.4076234817814,8500.208522267207,22.794878542510123,8500.113372469636,363.6331983805668,24.012834008097165,8731.827574898785,60.0,0.0
2024-02-23 11:30:00-06:00,35.526918699186986,59.990353658536584,-1.0,239.26090650406502,8502.757239837398,23.005422764227642,8502.726284552846,363.79715447154473,24.00650406504065,8733.473650406504,59.990353658536584,0.0
2024-02-23 11:35:00-06:00,35.82631983805668,60.002692307692314,-1.0,239.27962348178139,8574.750534412957,22.945348178137653,8574.719971659919,363.7755060728745,24.207004048582995,8805.881736842104,60.002692307692314,0.0
2024-02-23 11:40:00-06:00,35.83494628099174,59.988487603305785,-1.0,239.2551611570248,8576.397962809917,23.07919834710744,8576.367082644629,363.17830578512394,24.25822314049587,8809.997971074381,59.988487603305785,0.0
2024-02-23 11:45:00-06:00,35.8005,59.99593089430894,-1.0,240.57977642276424,8615.591963414634,23.203926829268294,8615.593491869919,362.7871951219512,24.374024390243903,8842.630451219513,60.09023983739838,0.943089430894309
2024-02-23 11:50:00-06:00,35.77508502024291,59.99417408906883,-1.0,240.96984615384616,8623.614441295547,23.113368421052634,8623.583668016196,363.2208502024292,24.37591093117409,8853.84844534413,60.09417408906883,1.0
2024-02-23 11:55:00-06:00,35.999105263157894,59.991,-1.0,241.1805020242915,8685.374040485829,23.38057085020243,8685.342781376517,363.1635627530364,24.557085020242916,8918.234740890688,59.9995020242915,0.08502024291497975
2024-02-23 12:00:00-06:00,35.77092276422765,60.008455284552845,-1.0,241.1605,8629.549418699187,23.262191056910567,8629.474926829267,361.74329268292684,24.461869918699186,8848.946979674796,60.008455284552845,0.0
2024-02-23 12:05:00-06:00,35.823756097560974,59.99466260162602,-1.0,241.338418699187,8648.506024390243,23.007447154471546,8648.475605691056,361.48252032520327,24.53772357723577,8869.980947154472,59.99466260162602,0.0
2024-02-23 12:10:00-06:00,35.64951417004049,60.00247773279353,-1.0,241.4319109311741,8609.975538461538,23.126178137651824,8609.944672064776,362.61821862348177,24.360323886639677,8833.489303643724,60.00247773279353,0.0
2024-02-23 12:15:00-06:00,35.71498780487805,60.0075731707317,-1.0,241.415081300813,8624.763317073171,22.922760162601627,8624.776434959349,362.1465447154472,24.45540650406504,8856.402890243902,60.0075731707317,0.0
2024-02-23 12:20:00-06:00,34.711,59.998886639676115,-1.0,241.14825506072873,8372.96564777328,22.15114979757085,8372.936570850203,361.7868421052632,23.731012145748988,8585.578728744938,59.998886639676115,0.0
2024-02-23 12:25:00-06:00,34.333414634146344,59.9980243902439,-1.0,241.20934959349594,8284.291902439025,21.72425609756098,8284.263540650407,363.099593495935,23.431178861788617,8507.72412195122,59.9980243902439,0.0
2024-02-23 12:30:00-06:00,35.699255060728746,59.98707287449393,-1.0,240.1304251012146,8575.557995951418,22.128886639676114,8575.529684210525,362.62408906882587,24.25736842105263,8796.277987854251,59.98707287449393,0.0
2024-02-23 12:35:00-06:00,35.40471951219512,59.99041463414634,-1.0,239.86571138211383,8494.82824796748,22.239845528455287,8494.799459349593,360.7762195121951,24.171951219512195,8720.595479674796,59.99041463414634,0.0
2024-02-23 12:40:00-06:00,35.23162601626016,59.99608130081301,-1.0,239.82336991869917,8451.706585365853,22.544044715447153,8451.649719512196,360.5508130081301,24.05849593495935,8674.227463414632,59.99608130081301,0.0
2024-02-23 12:45:00-06:00,34.945331950207475,59.9923734439834,-1.0,241.0293941908714,8425.818995850623,22.576066390041497,8425.855473029045,360.9724066390042,23.95323651452282,8646.352203319502,59.9923734439834,0.0
2024-02-23 12:50:00-06:00,34.66534008097166,59.99388663967611,-1.0,240.04723076923077,8324.216040485831,22.090421052631577,8324.211206477734,361.9354251012146,23.626882591093118,8551.371765182186,59.99388663967611,0.0
2024-02-23 12:55:00-06:00,34.3949756097561,59.98652845528455,-1.0,239.8269268292683,8251.199126016261,22.094174796747968,8251.169703252033,361.0345528455285,23.4830081300813,8478.103666666668,59.98652845528455,0.0
2024-02-23 13:00:00-06:00,34.521951417004054,59.99645344129554,-1.0,239.74399999999997,8279.20385020243,22.276651821862348,8279.174093117408,359.4526315789474,23.66327935222672,8505.8354048583,59.99645344129554,0.0
2024-02-23 13:05:00-06:00,32.37604065040651,59.99186991869919,-1.0,239.57120325203255,7760.239573170732,21.10841056910569,7760.2107032520325,358.9168699186992,22.178292682926827,7965.4296585365855,59.99186991869919,0.0
2024-02-23 13:10:00-06:00,33.86475203252032,60.00890243902439,-1.0,239.94721951219515,8128.519731707317,22.0609756097561,8128.489841463414,361.29451219512197,23.088130081300815,8341.553231707318,60.00890243902439,0.0
2024-02-23 13:15:00-06:00,33.19209349593496,59.988747967479675,-1.0,239.2041300813008,7942.311105691057,21.555556910569106,7942.249333333333,361.2191056910569,22.553048780487806,8146.535646341464,59.988747967479675,0.0
2024-02-23 13:20:00-06:00,32.60404938271605,59.992864197530864,-1.0,238.69259259259258,7784.636111111111,21.53498353909465,7784.606304526748,361.7582304526749,22.074074074074073,7985.479790123456,59.992864197530864,0.0
2024-02-23 13:25:00-06:00,33.14343495934959,60.00409349593496,-1.0,238.64687804878048,7911.496739837398,21.730349593495937,7911.466808943089,362.82886178861787,22.355975609756097,8111.370947154472,60.00409349593496,0.0
2024-02-23 13:30:00-06:00,25.461760162601625,59.99742682926829,-1.0,237.41632926829269,6056.951369918699,14.985772357723578,6056.932243902439,361.2290650406504,17.160081300813008,6206.518170731707,59.99742682926829,0.0
2024-02-23 13:35:00-06:00,30.13641700404858,59.98712550607287,-1.0,238.08792307692306,7182.565813765183,18.30027125506073,7182.615384615385,366.84696356275305,20.099595141700405,7377.494834008097,59.98712550607287,0.0
2024-02-23 13:40:00-06:00,20.75809756097561,59.99283739837398,-1.0,236.84247967479675,4921.352292682927,10.462065040650407,4921.340792682927,361.0798780487805,13.951951219512194,5042.637105691057,59.99283739837398,0.0
2024-02-23 13:45:00-06:00,32.05372764227642,59.991109756097565,-1.0,238.74613821138212,7656.227036585366,19.62532113821138,7655.952573170732,366.04552845528457,21.463821138211383,7858.69462601626,59.991109756097565,0.0
2024-02-23 13:50:00-06:00,17.262295546558704,59.99646558704453,-1.0,237.03178542510122,4095.319789473684,7.802975708502024,4095.311736842105,360.967004048583,11.582226720647773,4184.247493927126,59.99646558704453,0.0
2024-02-23 13:55:00-06:00,13.698951219512194,60.01066260162602,-1.0,236.83252032520326,3244.052211382114,5.479004065040651,3244.079943089431,364.4819105691057,9.164918699186993,3342.0616910569106,60.01066260162602,0.0
2024-02-23 14:00:00-06:00,19.183052631578946,59.99906072874494,-0.99999995951417,238.05783400809716,4573.542728744939,11.327935222672064,4573.528344129554,366.7368421052632,12.765303643724698,4690.606736842105,59.99906072874494,0.0
2024-02-23 14:05:00-06:00,10.127674796747968,59.98886178861789,-1.0,236.71588211382115,2396.733658536585,3.323516260162602,2396.579268292683,362.5497967479675,6.795487804878049,2464.624524390244,59.98886178861789,0.0
2024-02-23 14:10:00-06:00,7.3376626016260165,60.00673983739837,-0.9783197967479675,236.184081300813,1731.5333780487806,1.8146991869918698,1731.5325162601625,360.5810975609756,4.958780487804877,1788.0558495934959,60.00673983739837,0.0
2024-02-23 14:15:00-06:00,5.60730487804878,59.99171951219512,0.4322493902439024,235.9998699186992,1321.620012195122,0.34553658536585363,1321.573861788618,359.0215447154472,3.8185365853658535,1371.3049227642277,59.99171951219512,0.0
2024-02-23 14:20:00-06:00,3.6792073170731707,59.9959512195122,1.0,235.54518699186994,864.5162520325202,0.0,864.4945731707318,354.5975609756098,2.546260162601626,904.0161138211382,59.9959512195122,0.0
2024-02-23 14:25:00-06:00,2.1755284552845526,60.011731707317075,1.0,235.0785894308943,508.7947154471545,0.0,508.7947154471545,347.1589430894309,1.5699186991869918,545.1571422764227,60.011731707317075,0.0
2024-02-23 14:30:00-06:00,1.8162348178137653,59.98757894736842,1.0,234.51673684210525,422.8981052631579,0.0,422.88191093117405,346.24817813765185,1.3427125506072874,464.92032793522264,59.98757894736842,0.0
2024-02-23 14:35:00-06:00,1.7852032520325205,59.98652845528455,1.0,233.57452845528456,413.932256097561,0.0,413.90786585365856,347.0286585365854,1.3133333333333332,455.86165853658537,59.98652845528455,0.0
2024-02-23 14:40:00-06:00,2.017421052631579,59.99465587044534,1.0,233.6267894736842,468.39675303643725,0.0,468.4014777327935,350.18947368421055,1.453076923076923,508.86744129554654,59.99465587044534,0.0
2024-02-23 14:45:00-06:00,2.1614380165289258,59.99966115702479,1.0,233.81445867768596,502.4889876033058,0.0,502.4889876033058,351.3402892561984,1.5386776859504132,540.5977933884297,59.99966115702479,0.0
2024-02-23 14:50:00-06:00,2.4182195121951215,60.01285772357724,1.0,233.81558130081302,563.0040528455285,0.0,562.9308821138211,353.5569105691057,1.7018699186991868,602.5749959349594,60.01285772357724,0.0
2024-02-23 14:55:00-06:00,3.9417894736842105,59.97478542510121,1.0,234.06444534412955,920.4615425101214,0.0,920.4831336032389,360.6995951417004,2.679514170040486,966.647939271255,59.97478542510121,0.0
2024-02-23 15:00:00-06:00,4.601857723577236,60.002073170731705,0.9783197967479675,234.2428861788618,1075.7120569105691,0.010841463414634146,1075.7323821138214,363.0262195121951,3.092113821138211,1122.690174796748,60.002073170731705,0.0
2024-02-23 15:05:00-06:00,5.3442995951417,60.01744534412956,0.7206477327935222,234.21363157894737,1249.8144372469637,0.13967206477732794,1249.8265789473683,366.18825910931173,3.5593927125506073,1303.4445222672066,60.01744534412956,0.0
2024-02-23 15:10:00-06:00,4.512483739837398,59.991394308943086,0.9891598780487805,234.1026382113821,1054.2391544715447,0.00541869918699187,1054.2391544715447,363.2548780487805,3.0291869918699184,1100.760918699187,59.991394308943086,0.0
2024-02-23 15:15:00-06:00,4.105388663967611,59.99202024291498,0.9878542510121457,233.92989878542508,958.2435870445344,0.006072874493927126,958.2435870445344,361.5267206477733,2.778582995951417,1004.6174655870445,59.99202024291498,0.0
2024-02-23 15:20:00-06:00,4.960642276422764,59.991337398373986,0.8035230487804879,234.17960975609756,1159.7168130081302,0.098239837398374,1159.7168089430895,365.1418699186992,3.311869918699187,1209.794199186992,59.991337398373986,0.0
2024-02-23 15:25:00-06:00,3.9713279352226722,59.996550607287446,1.0,234.00603643724696,927.2145789473684,0.0,927.0850242914979,361.47105263157897,2.6875708502024294,971.7823684210526,59.996550607287446,0.0
2024-02-23 15:30:00-06:00,2.5346585365853658,60.0189756097561,1.0,233.87182113821137,590.0792764227642,0.0,590.0792764227642,355.3455284552846,1.7609756097560976,626.0872032520325,60.0189756097561,0.0
2024-02-23 15:35:00-06:00,2.333979674796748,59.98965040650406,1.0,233.71829268292683,542.5711422764227,0.0,542.5928211382114,354.56361788617886,1.6351219512195123,579.8252235772358,59.98965040650406,0.0
2024-02-23 15:40:00-06:00,1.8952601626016259,59.98669918699186,1.0,233.78631707317075,440.2042682926829,0.0,440.2611788617886,352.0136178861789,1.3711382113821138,482.7141219512195,59.98669918699186,0.0
2024-02-23 15:45:00-06:00,1.432641975308642,59.99414814814815,1.0,235.86004938271606,334.33539506172843,0.0,334.33539506172843,347.60493827160496,1.0653909465020575,370.36148148148146,59.99414814814815,0.0
2024-02-23 15:50:00-06:00,1.1422642276422765,59.98287804878049,1.0,237.49308536585366,267.3211422764228,0.0,267.28184959349596,343.8819105691057,0.8551626016260163,294.1376056910569,59.98287804878049,0.0
2024-02-23 15:55:00-06:00,1.428979674796748,59.99669105691057,1.0,237.41134552845529,335.91293902439025,0.0,335.8824512195122,348.3390243902439,1.068739837398374,372.41832520325204,59.99669105691057,0.0
2024-02-23 16:00:00-06:00,1.2620569105691057,60.00063821138211,1.0,237.54037398373984,296.08131300813005,0.0,295.99459349593496,346.8810975609756,0.9416260162601625,326.62303658536587,60.09860569105691,0.9796747967479674
2024-02-23 16:05:00-06:00,1.5747479674796747,60.00045528455284,1.0,237.49973170731707,370.806906504065,0.0,370.806906504065,350.0439024390244,1.1754065040650405,411.5389674796748,60.100455284552844,1.0
2024-02-23 16:10:00-06:00,1.0402712550607287,59.98203238866397,1.0,237.4915060728745,240.28137246963564,0.0,240.28137246963564,342.9627530364373,0.7883805668016194,271.42471255060724,59.9872955465587,0.05263157894736842
2024-02-23 16:15:00-06:00,0.7905,59.97921544715447,1.0,237.68611788617883,179.77100406504064,0.0,179.81978455284553,339.4558943089431,0.6217479674796749,211.07106910569107,59.97921544715447,0.0
2024-02-23 16:20:00-06:00,0.7656970954356845,59.99073443983402,1.0,237.5712904564315,173.4681908713693,0.0,173.4349958506224,339.46970954356846,0.6056846473029046,205.5888008298755,59.99073443983402,0.0
2024-02-23 16:25:00-06:00,1.007255060728745,60.00078542510121,1.0,238.0765991902834,234.97874493927125,0.0,234.97874493927125,343.74817813765185,0.7610526315789473,261.67746558704454,60.00078542510121,0.0
2024-02-23 16:30:00-06:00,0.9499390243902439,59.995540650406504,1.0,239.06260162601626,219.57112601626017,0.0,219.52776422764228,343.4668699186992,0.7203658536585367,247.68406910569107,59.995540650406504,0.0
2024-02-23 16:35:00-06:00,0.8474279835390947,59.986473251028805,1.0,238.77534156378601,188.64951028806584,0.0,188.64951028806584,340.90617283950616,0.6522633744855967,223.5223744855967,59.986473251028805,0.0
2024-02-23 16:40:00-06:00,1.2031097560975608,60.000499999999995,1.0,238.56964227642277,282.8611056910569,0.0,282.8611056910569,348.07743902439023,0.8940650406504065,311.3718983739837,60.000499999999995,0.0
2024-02-23 16:45:00-06:00,1.1012348178137652,59.994890688259105,1.0,238.565987854251,257.6895991902834,0.0,257.6976963562753,346.1439271255061,0.8209716599190283,284.27067206477733,59.994890688259105,0.0
2024-02-23 16:50:00-06:00,0.9580162601626017,59.992739837398375,1.0,238.75297967479676,222.22222357723578,0.0,222.22222357723578,343.405081300813,0.7242276422764228,248.82045934959348,59.992739837398375,0.0
2024-02-23 16:55:00-06:00,0.5940364372469635,59.97997165991903,1.0,238.85094736842106,119.14102024291498,0.0,119.14911740890687,334.11214574898787,0.46348178137651824,155.08044939271255,59.97997165991903,0.0
2024-02-23 17:00:00-06:00,0.4356090534979424,59.998584362139916,1.0,238.71621810699588,59.64952263374486,0.0,59.711251028806586,319.51851851851853,0.2896296296296296,92.56937860082304,59.998584362139916,0.0
2024-02-23 17:05:00-06:00,0.4985731707317073,59.99078455284553,1.0,238.64007723577234,85.04132926829269,0.0,85.14295528455285,327.4288617886179,0.3713008130081301,121.73718292682928,59.99078455284553,0.0
2024-02-23 17:10:00-06:00,0.44608906882591093,59.98276113360324,1.0,238.65276923076922,62.441291497975705,0.0,62.441291497975705,321.07995951417,0.2943724696356275,94.75723481781377,59.98276113360324,0.0
2024-02-23 17:15:00-06:00,0.3919959349593496,59.981170731707316,1.0,238.40270731707318,20.851626016260163,0.0,20.851626016260163,294.8138211382114,0.15044715447154472,44.883150406504065,59.981170731707316,0.0
2024-02-23 17:20:00-06:00,0.07918218623481782,59.98941700404858,1.0,49.183404858299596,0.09176518218623482,0.0,0.09176518218623482,322.15242914979757,127.36607287449394,41733.94588259109,59.98941700404858,0.0
2024-02-23 17:25:00-06:00,0.19297520661157025,59.9888347107438,1.0,117.99152479338844,0.3973884297520661,0.0,0.3973884297520661,312.6159090909091,21.690413223140496,7106.59309090909,59.9888347107438,0.0
2024-02-23 17:30:00-06:00,0.20402032520325203,59.995414634146336,1.0,125.71598780487805,0.31571544715447153,0.0,0.31571544715447153,314.3545731707317,45.31386178861789,14847.249800813008,59.995414634146336,0.0
2024-02-23 17:35:00-06:00,0.0,59.99419918699187,1.0,0.0,0.0,0.0,0.0,302.6246951219512,189.14573170731705,61978.32756504064,59.99419918699187,0.0
2024-02-23 17:40:00-06:00,0.0,59.99329387755102,1.0,0.0,0.0,0.0,0.0,253.97367346938776,176.54326530612244,57848.81439183673,59.99329387755102,0.0
2024-02-23 17:45:00-06:00,0.0,59.98569918699187,1.0,0.0,0.0,0.0,0.0,192.49471544715445,170.49756097560976,55867.788227642275,59.98569918699187,0.0
2024-02-23 17:50:00-06:00,0.0,59.98230894308943,1.0,0.0,0.0,0.0,0.0,135.86138211382115,165.16951219512197,54121.91984552846,59.98230894308943,0.0
2024-02-23 17:55:00-06:00,0.0,59.99147773279353,1.0,0.0,0.0,0.0,0.0,97.26275303643725,169.80728744939273,55641.60285020243,59.99147773279353,0.0
2024-02-23 18:00:00-06:00,0.0,59.97867219917013,1.0,0.0,0.0,0.0,0.0,96.16514522821576,184.91203319502077,60591.050406639,59.97867219917013,0.0
2024-02-23 18:05:00-06:00,0.0,60.00152845528456,1.0,0.0,0.0,0.0,0.0,84.87764227642278,154.51341463414636,50630.183081300805,60.00152845528456,0.975609756097561
2024-02-23 18:10:00-06:00,0.0,60.01463821138211,1.0,0.0,0.0,0.0,0.0,95.30386178861788,186.48170731707316,61105.39337398374,60.01463821138211,1.0
2024-02-23 18:15:00-06:00,0.0,60.015518218623484,1.0,0.0,0.0,0.0,0.0,87.06396761133603,159.19433198380565,52164.00267206478,60.015518218623484,0.05668016194331984
2024-02-23 18:20:00-06:00,0.0,59.999735772357724,1.0,0.0,0.0,0.0,0.0,88.7145325203252,173.16158536585365,56740.72241869919,59.999735772357724,0.0
2024-02-23 18:25:00-06:00,0.0,60.00158536585366,1.0,0.0,0.0,0.0,0.0,92.6869918699187,175.82560975609755,57613.65660975609,60.00158536585366,0.0
2024-02-23 18:30:00-06:00,0.0,60.004522821576764,1.0,0.0,0.0,0.0,0.0,82.40923236514523,154.99979253112036,50789.556958506226,60.004522821576764,0.0
2024-02-23 18:35:00-06:00,0.0,59.990736842105264,1.0,0.0,0.0,0.0,0.0,88.36123481781378,169.80728744939273,55641.60285020243,59.990736842105264,0.0
2024-02-23 18:40:00-06:00,0.0,60.00165447154471,1.0,0.0,0.0,0.0,0.0,83.43912601626018,157.17743902439025,51503.11727235772,60.00165447154471,0.0
2024-02-23 18:45:00-06:00,0.0,59.976569105691055,1.0,0.0,0.0,0.0,0.0,83.41554878048781,159.84146341463415,52376.05146341463,59.976569105691055,0.0
2024-02-23 18:50:00-06:00,0.0,59.98367479674797,1.0,0.0,0.0,0.0,0.0,88.68709349593496,170.49756097560976,55867.788227642275,60.06660162601626,0.8292682926829268
2024-02-23 18:55:00-06:00,0.0,60.00116033755274,1.0,0.0,0.0,0.0,0.0,76.84894514767933,149.32025316455696,48928.51389873418,60.10116033755274,1.0
2024-02-23 19:00:00-06:00,0.0,60.00368292682926,1.0,0.0,0.0,0.0,0.0,91.3224593495935,175.82560975609755,57613.65660975609,60.02766666666667,0.23983739837398374
2024-02-23 19:05:00-06:00,0.0,59.99710526315789,1.0,0.0,0.0,0.0,0.0,79.10931174089069,153.88785425101216,50425.202582995946,59.99710526315789,0.0
2024-02-23 19:10:00-06:00,0.0,60.00863008130081,1.0,0.0,0.0,0.0,0.0,89.97215447154473,170.49756097560976,55867.788227642275,60.00863008130081,0.0
2024-02-23 19:15:00-06:00,0.0,59.98657489878542,1.0,0.0,0.0,0.0,0.0,84.34372469635628,164.5008097165992,53902.8027611336,59.98657489878542,0.0
2024-02-23 19:20:00-06:00,0.0,59.99684146341463,1.0,0.0,0.0,0.0,0.0,78.1196138211382,149.18536585365854,48884.31469918699,59.99684146341463,0.0
2024-02-23 19:25:00-06:00,0.0,59.9844918699187,1.0,0.0,0.0,0.0,0.0,91.31981707317073,178.48963414634147,58486.590800813006,59.9844918699187,0.0
2024-02-23 19:30:00-06:00,0.0,59.97628455284553,1.0,0.0,0.0,0.0,0.0,80.74380081300814,151.84939024390246,49757.2488902439,59.97628455284553,0.0
2024-02-23 19:35:00-06:00,0.0,59.99758299595142,1.0,0.0,0.0,0.0,0.0,90.9660931174089,175.11376518218623,57380.40293927125,59.99758299595142,0.0
2024-02-23 19:40:00-06:00,0.0,59.9850975609756,1.0,0.0,0.0,0.0,0.0,84.71646341463415,165.16951219512197,54121.91984552846,59.9850975609756,0.0
2024-02-23 19:45:00-06:00,0.0,59.979642276422766,1.0,0.0,0.0,0.0,0.0,78.09156504065041,151.84939024390246,49757.2488902439,59.979642276422766,0.0
2024-02-23 19:50:00-06:00,0.0,59.97100809716599,1.0,0.0,0.0,0.0,0.0,90.9660931174089,175.11376518218623,57380.40293927125,59.97100809716599,0.0
2024-02-23 19:55:00-06:00,0.0,59.980967479674796,1.0,0.0,0.0,0.0,0.0,83.40172764227643,157.17743902439025,51503.11727235772,59.980967479674796,0.0
2024-02-23 20:00:00-06:00,0.0,59.990294605809126,1.0,0.0,0.0,0.0,0.0,83.71867219917013,157.71908713692946,51680.60181742738,59.990294605809126,0.0
2024-02-23 20:05:00-06:00,0.0,59.997983471074384,1.0,0.0,0.0,0.0,0.0,83.38925619834711,159.7754132231405,52354.40846694215,59.997983471074384,0.0
2024-02-23 20:10:00-06:00,0.0,60.00283402489626,1.0,0.0,0.0,0.0,0.0,81.01701244813279,149.56120331950208,49007.46724066389,60.00283402489626,0.0
2024-02-23 20:15:00-06:00,0.0,60.00976348547717,1.0,0.0,0.0,0.0,0.0,94.51970954356847,174.03485477178424,57026.870970954355,60.00976348547717,0.0
2024-02-23 20:20:00-06:00,0.0,60.00222267206478,1.0,0.0,0.0,0.0,0.0,83.06508097165992,161.84757085020243,53033.40271659919,60.00222267206478,0.0
2024-02-23 20:25:00-06:00,0.0,59.98958704453441,1.0,0.0,0.0,0.0,0.0,88.31872469635628,167.15404858299596,54772.20280566801,59.98958704453441,0.0
2024-02-23 20:30:00-06:00,0.0,59.984296747967484,1.0,0.0,0.0,0.0,0.0,82.07581300813008,154.51341463414636,50630.183081300805,59.984296747967484,0.0
2024-02-23 20:35:00-06:00,0.0,59.981581300813005,1.0,0.0,0.0,0.0,0.0,82.05182926829268,154.51341463414636,50630.183081300805,59.981581300813005,0.0
2024-02-23 20:40:00-06:00,0.0,59.98506910569105,1.0,0.0,0.0,0.0,0.0,96.58485772357723,183.81768292682926,60232.459182926825,59.98506910569105,0.0
2024-02-23 20:45:00-06:00,0.0,59.994577235772354,1.0,0.0,0.0,0.0,0.0,87.35223577235773,159.84146341463415,52376.05146341463,59.994577235772354,0.0
2024-02-23 20:50:00-06:00,0.0,60.000467479674796,1.0,0.0,0.0,0.0,0.0,93.9265243902439,183.81768292682926,60232.459182926825,60.000467479674796,0.0
2024-02-23 20:55:00-06:00,0.0,59.994060975609756,1.0,0.0,0.0,0.0,0.0,82.03963414634147,157.17743902439025,51503.11727235772,59.994060975609756,0.0
2024-02-23 21:00:00-06:00,0.0,59.99991056910569,1.0,0.0,0.0,0.0,0.0,79.39044715447154,151.84939024390246,49757.2488902439,59.99991056910569,0.0
2024-02-23 21:05:00-06:00,0.0,60.0079674796748,1.0,0.0,0.0,0.0,0.0,95.23028455284553,186.48170731707316,61105.39337398374,60.0079674796748,0.0
2024-02-23 21:10:00-06:00,0.0,59.987433333333335,1.0,0.0,0.0,0.0,0.0,84.00229166666666,163.8375,53685.452750000004,59.987433333333335,0.0
2024-02-23 21:15:00-06:00,0.0,59.98691463414634,1.0,0.0,0.0,0.0,0.0,87.3260162601626,165.16951219512197,54121.91984552846,59.98691463414634,0.0
2024-02-23 21:20:00-06:00,0.0,59.9927044534413,1.0,0.0,0.0,0.0,0.0,81.71700404858301,159.19433198380565,52164.00267206478,59.9927044534413,0.0
2024-02-23 21:25:00-06:00,0.0,59.99619831223629,1.0,0.0,0.0,0.0,0.0,80.9285864978903,154.8506329113924,50740.681080168775,59.99619831223629,0.0
2024-02-23 21:30:00-06:00,0.0,59.994747967479675,1.0,0.0,0.0,0.0,0.0,96.57083333333333,183.81768292682926,60232.459182926825,59.994747967479675,0.0
2024-02-23 21:35:00-06:00,0.0,59.991394308943086,1.0,0.0,0.0,0.0,0.0,80.70579268292683,157.17743902439025,51503.11727235772,59.991394308943086,0.0
2024-02-23 21:40:00-06:00,0.0,59.99563157894737,1.0,0.0,0.0,0.0,0.0,94.8755060728745,183.07348178137653,59988.60307287449,59.99563157894737,0.0
2024-02-23 21:45:00-06:00,0.0,60.01582572614108,1.0,0.0,0.0,0.0,0.0,83.67053941908715,160.43838174273858,52571.646676348544,60.01582572614108,0.0
2024-02-23 21:50:00-06:00,0.0,60.01164227642276,1.0,0.0,0.0,0.0,0.0,83.36981707317074,157.17743902439025,51503.11727235772,60.01164227642276,0.0
2024-02-23 21:55:00-06:00,0.0,59.99538866396761,1.0,0.0,0.0,0.0,0.0,92.23927125506074,175.11376518218623,57380.40293927125,59.99538866396761,0.0
2024-02-23 22:00:00-06:00,0.0,59.973008097165994,1.0,0.0,0.0,0.0,0.0,85.67419028340082,161.84757085020243,53033.40271659919,59.973008097165994,0.0
2024-02-23 22:05:00-06:00,0.0,59.98553658536585,1.0,0.0,0.0,0.0,0.0,93.9234756097561,178.48963414634147,58486.590800813006,59.98553658536585,0.0
2024-02-23 22:10:00-06:00,0.0,60.00917813765182,1.0,0.0,0.0,0.0,0.0,81.71700404858301,159.19433198380565,52164.00267206478,60.20917813765182,1.0
2024-02-23 22:15:00-06:00,0.0,59.99669105691057,1.0,0.0,0.0,0.0,0.0,78.07022357723578,149.18536585365854,48884.31469918699,60.19669105691057,1.0
2024-02-23 22:20:00-06:00,0.0,59.988142276422764,1.0,0.0,0.0,0.0,0.0,89.96727642276423,173.16158536585365,56740.72241869919,59.993833333333335,0.028455284552845527
2024-02-23 22:25:00-06:00,0.0,60.002834024896266,1.0,0.0,0.0,0.0,0.0,76.94159751037344,149.56120331950208,49007.46724066389,60.002834024896266,0.0
2024-02-23 22:30:00-06:00,0.0,59.992207317073174,1.0,0.0,0.0,0.0,0.0,89.96158536585365,175.82560975609755,57613.65660975609,59.992207317073174,0.0
2024-02-23 22:35:00-06:00,0.0,59.991605809128636,1.0,0.0,0.0,0.0,0.0,79.65508298755186,144.12261410788383,47225.377522821575,59.991605809128636,0.0
2024-02-23 22:40:00-06:00,0.0,59.98828455284553,1.0,0.0,0.0,0.0,0.0,79.39085365853659,149.18536585365854,48884.31469918699,59.98828455284553,0.0
2024-02-23 22:45:00-06:00,0.0,60.00289837398374,1.0,0.0,0.0,0.0,0.0,95.2441056910569,181.15365853658537,59359.52499186991,60.00289837398374,0.0
2024-02-23 22:50:00-06:00,0.0,60.00651219512196,1.0,0.0,0.0,0.0,0.0,83.34705284552845,162.50548780487804,53248.985654471544,60.00651219512196,0.0
2024-02-23 22:55:00-06:00,0.0,59.98911382113821,1.0,0.0,0.0,0.0,0.0,89.95020325203252,175.82560975609755,57613.65660975609,59.98911382113821,0.0
2024-02-23 23:00:00-06:00,0.0,60.00756910569106,1.0,0.0,0.0,0.0,0.0,78.07022357723578,151.84939024390246,49757.2488902439,60.00756910569106,0.0
2024-02-23 23:05:00-06:00,0.0,60.00051821862348,1.0,0.0,0.0,0.0,0.0,85.65718623481781,167.15404858299596,54772.20280566801,60.00051821862348,0.0
2024-02-23 23:10:00-06:00,0.0,60.005093495934965,1.0,0.0,0.0,0.0,0.0,99.2173780487805,189.14573170731705,61978.32756504064,60.005093495934965,0.0
2024-02-23 23:15:00-06:00,0.0,59.9850162601626,1.0,0.0,0.0,0.0,0.0,84.67337398373985,165.16951219512197,54121.91984552846,59.9850162601626,0.0
2024-02-23 23:20:00-06:00,0.0,59.99997154471545,1.0,0.0,0.0,0.0,0.0,92.60853658536585,175.82560975609755,57613.65660975609,59.99997154471545,0.0
2024-02-23 23:25:00-06:00,0.0,59.990475609756096,1.0,0.0,0.0,0.0,0.0,87.33170731707318,165.16951219512197,54121.91984552846,59.990475609756096,0.0
2024-02-23 23:30:00-06:00,0.0,59.99300404858299,1.0,0.0,0.0,0.0,0.0,89.62004048582996,169.80728744939273,55641.60285020243,59.99300404858299,0.0
2024-02-23 23:35:00-06:00,0.0,59.9905162601626,1.0,0.0,0.0,0.0,0.0,88.6295731707317,173.16158536585365,56740.72241869919,59.9905162601626,0.0
2024-02-23 23:40:00-06:00,0.0,59.99431578947368,1.0,0.0,0.0,0.0,0.0,80.41305668016194,151.2346153846154,49555.80253846154,59.99431578947368,0.0
2024-02-23 23:45:00-06:00,0.0,59.98493089430894,1.0,0.0,0.0,0.0,0.0,96.5785569105691,183.81768292682926,60232.459182926825,59.98493089430894,0.0
2024-02-23 23:50:00-06:00,0.0,59.99618623481781,1.0,0.0,0.0,0.0,0.0,83.03228744939273,156.5410931174089,51294.60262753036,59.99618623481781,0.0
2024-02-23 23:55:00-06:00,0.0,60.00383333333333,1.0,0.0,0.0,0.0,0.0,80.7114837398374,157.17743902439025,51503.11727235772,60.00383333333333,0.0
